date_time,city,magnitude
01.01.2000 04:27:14,Manisa,2.5
09.01.2000 15:46:47,Mersin,6.1
19.01.2000 13:19:11,Adana,5.3
03.02.2000 19:51:06,Bursa,3.8
06.02.2000 06:43:03,Aksaray,2.5
09.02.2000 19:54:46,Bolu,5.0
13.02.2000 05:03:35,Elazığ,3.3
22.02.2000 22:02:30,Kırklareli,6.4
24.02.2000 22:45:19,Niğde,4.2
03.03.2000 21:22:31,Siirt,6.1
04.03.2000 17:41:55,Burdur,2.6
09.03.2000 06:01:22,Ankara,5.9
19.03.2000 12:06:52,Eskişehir,6.5
25.04.2000 13:51:10,Kırşehir,4.0
07.05.2000 08:35:29,Adana,2.9
10.05.2000 12:42:24,Bilecik,5.7
19.05.2000 05:21:20,Nevşehir,3.8
25.05.2000 17:57:12,Bartın,6.6
06.06.2000 16:14:51,Adana,3.0
09.06.2000 19:19:29,Gaziantep,6.4
16.06.2000 06:01:32,Manisa,6.8
07.07.2000 08:12:32,Sivas,5.0
21.07.2000 16:16:07,Ağrı,4.5
04.08.2000 10:52:35,Gaziantep,3.0
05.08.2000 13:54:25,Ordu,5.8
10.08.2000 03:06:56,Gümüşhane,5.3
14.08.2000 19:05:17,Eskişehir,6.4
28.08.2000 05:29:14,Elazığ,3.5
30.08.2000 18:21:16,Tunceli,5.0
17.09.2000 18:22:29,Bayburt,3.2
18.09.2000 21:28:28,Gaziantep,5.3
24.09.2000 21:47:05,Gaziantep,4.9
07.10.2000 02:52:20,İzmir,4.5
08.10.2000 18:12:07,Ağrı,6.4
09.10.2000 18:19:28,Erzincan,5.0
13.10.2000 01:54:14,Gaziantep,5.1
18.10.2000 03:35:03,Tekirdağ,3.0
23.10.2000 10:21:40,Çankırı,3.1
30.10.2000 18:43:08,Samsun,5.4
08.11.2000 08:19:06,Zonguldak,6.3
13.11.2000 18:12:44,Elazığ,5.6
26.11.2000 04:26:10,Isparta,2.5
28.11.2000 23:22:21,Ankara,3.5
22.12.2000 16:36:23,Kocaeli,3.0
22.12.2000 20:48:21,Adana,3.9
27.01.2001 01:18:08,Trabzon,6.0
27.01.2001 01:32:43,Bilecik,2.9
01.02.2001 17:12:36,Gaziantep,4.0
23.02.2001 08:53:18,Hakkari,3.4
26.02.2001 04:15:42,Giresun,3.1
28.02.2001 15:41:59,Denizli,5.7
02.03.2001 05:24:33,Balıkesir,6.1
12.03.2001 22:25:49,Gaziantep,4.4
10.04.2001 22:28:05,Isparta,5.7
14.04.2001 03:06:34,Denizli,2.9
14.04.2001 05:40:46,Gaziantep,5.8
16.04.2001 18:23:35,Samsun,4.9
23.04.2001 02:24:45,İstanbul,5.1
23.04.2001 21:57:06,Manisa,3.5
03.05.2001 17:15:44,İstanbul,6.3
25.05.2001 06:41:12,Kütahya,4.2
15.06.2001 23:00:18,Adana,5.5
02.07.2001 08:05:13,Elazığ,6.7
22.07.2001 02:06:57,Edirne,6.6
27.07.2001 14:45:59,Tunceli,6.2
30.07.2001 01:02:47,Kastamonu,5.3
06.08.2001 07:42:54,Afyonkarahisar,6.7
30.08.2001 21:25:59,Iğdır,4.2
17.09.2001 06:41:09,Bayburt,2.7
20.10.2001 09:01:46,Ardahan,3.3
21.10.2001 03:12:16,Yozgat,2.6
28.10.2001 21:40:47,Hatay,4.5
29.10.2001 08:28:24,Mersin,6.3
04.11.2001 21:57:38,İzmir,3.1
16.11.2001 16:42:59,Mersin,6.7
17.11.2001 17:36:02,Rize,6.1
14.12.2001 09:40:05,Çankırı,6.0
15.12.2001 12:13:46,Afyonkarahisar,5.1
22.12.2001 11:00:30,Şanlıurfa,3.7
30.12.2001 07:02:13,Balıkesir,4.5
31.12.2001 05:42:01,Şanlıurfa,4.7
01.01.2002 20:20:47,Muş,5.1
17.01.2002 22:10:15,Uşak,3.2
04.02.2002 08:58:33,İstanbul,2.8
12.02.2002 06:06:45,Bartın,5.4
18.02.2002 07:16:57,Erzurum,3.7
22.02.2002 05:58:20,Kırklareli,3.2
28.02.2002 15:38:29,İzmir,2.9
06.03.2002 02:14:10,Hatay,5.2
08.03.2002 13:25:36,Şırnak,5.7
10.03.2002 09:04:59,Gaziantep,3.0
10.03.2002 16:27:44,Hatay,3.5
16.03.2002 14:33:51,İstanbul,6.1
21.03.2002 05:58:57,Kilis,6.1
01.04.2002 17:32:51,Tokat,3.6
02.04.2002 21:43:50,Adana,3.7
06.04.2002 07:44:55,Adıyaman,4.1
08.04.2002 02:35:57,Kahramanmaraş,5.3
17.04.2002 09:52:40,Gaziantep,5.5
25.04.2002 23:02:08,Konya,4.4
27.04.2002 07:06:50,Kastamonu,4.4
13.05.2002 19:56:40,Gaziantep,6.6
17.05.2002 21:15:23,Yozgat,6.4
18.05.2002 14:19:12,Çankırı,3.6
20.05.2002 01:44:54,Bayburt,4.4
29.05.2002 07:36:11,Burdur,2.8
05.06.2002 13:44:47,Bartın,2.5
06.06.2002 13:02:41,Eskişehir,3.5
08.06.2002 19:19:00,Bayburt,2.5
11.06.2002 04:10:53,Denizli,6.2
11.06.2002 10:30:47,Elazığ,5.7
12.06.2002 14:42:42,Düzce,5.9
14.06.2002 12:25:15,Uşak,2.5
23.06.2002 02:09:34,Diyarbakır,3.3
23.06.2002 06:26:46,Aksaray,4.1
26.06.2002 19:14:56,Kütahya,3.5
29.06.2002 16:21:52,Edirne,5.9
10.07.2002 17:10:19,Bitlis,3.3
14.07.2002 04:36:51,Adana,5.8
23.07.2002 08:24:43,Adana,4.8
26.07.2002 18:04:23,Samsun,2.8
27.07.2002 10:44:28,Manisa,4.5
28.07.2002 00:15:51,İzmir,4.6
10.08.2002 19:56:09,Siirt,5.8
01.09.2002 02:34:01,Batman,4.8
08.09.2002 07:26:22,Bingöl,6.7
10.09.2002 13:03:57,Ardahan,6.7
14.09.2002 11:42:58,Çankırı,3.9
09.10.2002 20:06:00,Mersin,2.6
20.10.2002 06:17:26,Kütahya,5.8
29.10.2002 01:24:42,Burdur,5.5
07.11.2002 22:27:55,Düzce,5.9
17.11.2002 05:07:48,İstanbul,5.7
21.11.2002 05:22:36,Gaziantep,5.0
16.12.2002 20:16:52,Kırşehir,6.1
07.01.2003 13:59:29,Çankırı,4.4
16.02.2003 20:43:43,Karabük,3.3
17.02.2003 14:18:50,Antalya,3.0
11.03.2003 05:00:48,Adıyaman,5.1
14.03.2003 03:42:42,Mersin,3.8
17.03.2003 19:52:40,Samsun,3.3
29.03.2003 20:57:08,Uşak,5.2
06.04.2003 17:37:00,Kırıkkale,3.6
12.04.2003 20:00:15,İstanbul,2.8
15.04.2003 07:42:20,Elazığ,4.8
16.04.2003 02:24:25,Samsun,4.2
05.05.2003 05:10:23,Malatya,5.9
07.05.2003 03:10:41,Manisa,3.0
09.05.2003 10:23:15,Ağrı,3.8
26.05.2003 12:26:31,Antalya,6.4
29.05.2003 02:43:39,Kayseri,5.9
30.05.2003 05:55:24,Ankara,3.2
30.05.2003 18:59:34,Kayseri,4.7
02.06.2003 10:08:16,Sivas,4.9
14.06.2003 16:32:46,Gaziantep,4.5
18.06.2003 18:06:04,Gaziantep,6.6
21.06.2003 12:17:15,Eskişehir,2.7
26.06.2003 02:20:09,Adana,5.7
30.06.2003 14:38:08,Adana,5.5
09.07.2003 21:31:16,Karabük,5.0
17.07.2003 01:09:50,Edirne,4.5
06.08.2003 20:46:37,Malatya,6.2
07.08.2003 18:37:39,Bolu,4.5
14.08.2003 09:22:59,Gaziantep,4.0
21.08.2003 16:38:45,İstanbul,4.5
03.09.2003 10:45:09,Muğla,3.1
13.09.2003 18:47:25,İzmir,5.3
18.09.2003 17:09:28,Manisa,3.8
23.09.2003 20:26:55,Afyonkarahisar,6.1
24.09.2003 10:14:39,Bursa,4.5
04.10.2003 00:27:10,Isparta,3.2
07.10.2003 13:24:46,Gaziantep,4.3
09.10.2003 09:40:10,Muğla,3.3
09.10.2003 12:41:06,Kastamonu,3.4
16.10.2003 19:52:15,Aydın,5.5
22.10.2003 04:13:56,Elazığ,5.1
30.10.2003 18:35:17,Ardahan,2.6
04.11.2003 18:19:00,Konya,2.7
15.11.2003 10:57:00,Muş,4.7
18.11.2003 02:40:13,Hakkari,4.9
25.11.2003 22:08:01,Burdur,6.1
10.12.2003 16:38:10,Karaman,3.6
21.12.2003 09:03:55,Hakkari,2.5
23.12.2003 18:17:39,Sinop,4.4
29.12.2003 11:21:03,Erzurum,5.7
03.01.2004 06:15:23,İstanbul,4.7
08.01.2004 11:19:09,Diyarbakır,6.5
12.01.2004 17:47:34,Kocaeli,3.6
12.02.2004 02:34:56,Bursa,3.0
18.02.2004 10:36:39,Kırşehir,5.6
13.03.2004 03:37:50,İstanbul,5.2
24.03.2004 10:06:35,İstanbul,6.3
24.03.2004 12:40:59,İstanbul,4.5
24.03.2004 16:59:33,Rize,3.6
31.03.2004 22:33:58,Çankırı,4.6
04.04.2004 18:09:41,Elazığ,5.0
06.04.2004 17:26:10,Kırklareli,4.9
07.04.2004 22:06:10,Adıyaman,4.7
08.04.2004 19:35:44,İstanbul,2.5
15.04.2004 13:18:21,Edirne,4.5
30.04.2004 18:03:34,Muğla,3.1
22.05.2004 18:13:55,Mardin,3.9
24.05.2004 03:14:20,Burdur,6.6
27.05.2004 09:13:54,İstanbul,4.6
01.06.2004 20:50:08,Mersin,6.9
02.06.2004 03:13:55,Manisa,5.5
15.06.2004 12:02:45,Ankara,5.6
19.06.2004 00:41:19,Şanlıurfa,5.2
19.06.2004 06:55:12,Mardin,5.1
26.06.2004 08:42:40,Siirt,5.2
30.06.2004 01:47:14,Eskişehir,2.9
06.07.2004 00:08:07,Muğla,3.6
08.07.2004 18:52:59,Çanakkale,5.6
03.08.2004 02:01:44,Iğdır,4.4
30.08.2004 04:33:14,İstanbul,3.8
02.09.2004 15:01:46,Bitlis,2.8
13.09.2004 23:00:42,Gaziantep,5.1
28.09.2004 23:44:14,Kırşehir,4.4
29.09.2004 07:14:34,Kırklareli,3.8
18.10.2004 04:36:26,İstanbul,4.7
18.10.2004 11:51:50,Kars,3.0
18.10.2004 12:18:44,Bartın,6.9
06.11.2004 08:52:57,Düzce,5.6
08.11.2004 11:10:39,Şanlıurfa,4.3
29.11.2004 14:59:01,Yalova,4.2
06.12.2004 05:42:30,Elazığ,5.2
11.12.2004 21:35:06,Yalova,5.6
31.12.2004 02:52:50,Kütahya,6.3
05.01.2005 12:29:52,Gaziantep,2.8
06.01.2005 14:47:36,Elazığ,6.1
12.01.2005 17:52:09,Gaziantep,6.3
25.01.2005 07:59:23,Nevşehir,4.5
29.01.2005 12:31:31,Ankara,6.6
04.02.2005 08:55:29,İstanbul,3.6
24.02.2005 06:15:33,Kırklareli,6.9
01.03.2005 15:01:57,Adana,5.6
03.03.2005 06:06:56,Elazığ,2.8
14.03.2005 12:09:39,Manisa,4.2
21.03.2005 20:39:42,Adana,2.6
23.03.2005 12:20:36,Edirne,5.9
05.04.2005 20:30:46,Aksaray,6.0
09.04.2005 21:29:31,Kırklareli,5.7
12.04.2005 17:30:50,Adana,4.1
18.04.2005 11:07:03,Gaziantep,2.7
28.04.2005 01:01:16,Mersin,3.5
06.05.2005 06:57:26,Mersin,3.6
10.05.2005 04:50:25,Muğla,4.6
11.05.2005 05:31:48,İstanbul,2.8
12.05.2005 14:23:31,Erzurum,3.4
16.05.2005 17:13:31,Siirt,4.2
20.05.2005 22:29:55,Kilis,3.2
25.05.2005 17:51:33,Edirne,6.2
31.05.2005 14:57:50,Kastamonu,3.7
01.06.2005 15:32:41,Konya,6.8
07.06.2005 02:21:42,Erzurum,5.6
12.06.2005 22:00:55,Bursa,5.3
19.06.2005 07:12:02,Konya,3.4
20.06.2005 21:59:29,Çanakkale,4.2
23.06.2005 19:58:26,Eskişehir,5.9
24.06.2005 06:32:48,Van,2.5
01.07.2005 09:29:22,Nevşehir,5.1
02.07.2005 15:58:20,Bartın,3.0
08.07.2005 07:18:23,Sakarya,4.9
23.07.2005 09:33:08,Düzce,6.0
27.07.2005 00:34:09,Manisa,2.6
30.07.2005 10:58:20,İstanbul,3.1
04.08.2005 05:41:29,Erzincan,3.0
06.08.2005 08:47:43,Adana,2.7
06.08.2005 23:06:20,Adana,3.2
11.08.2005 06:30:54,Bartın,3.4
15.08.2005 19:51:33,Kütahya,5.6
23.08.2005 10:24:54,Manisa,5.8
03.09.2005 01:23:41,Bayburt,6.1
06.09.2005 19:03:58,Malatya,5.9
11.09.2005 14:49:02,Burdur,6.3
24.10.2005 06:48:15,Sivas,6.6
13.12.2005 00:06:03,Bitlis,5.8
16.12.2005 11:50:56,Osmaniye,4.1
16.12.2005 14:34:11,Artvin,4.2
27.12.2005 10:18:35,İstanbul,2.6
21.01.2006 14:39:05,Yozgat,6.4
23.01.2006 09:13:52,Ordu,4.0
26.01.2006 02:02:34,Giresun,5.8
06.02.2006 07:13:05,Sinop,4.0
23.02.2006 08:11:08,Nevşehir,6.3
08.03.2006 01:32:16,Antalya,4.4
09.04.2006 00:12:35,Malatya,2.9
25.04.2006 10:45:06,Artvin,6.7
04.05.2006 09:54:14,İstanbul,3.7
12.05.2006 14:33:54,İstanbul,2.9
14.05.2006 07:01:23,Elazığ,5.5
01.07.2006 21:42:16,Sakarya,3.6
22.07.2006 11:23:34,Elazığ,6.4
22.07.2006 12:47:42,Niğde,2.6
22.07.2006 20:37:26,Karaman,5.8
24.07.2006 09:56:13,Elazığ,4.3
26.07.2006 09:21:38,Nevşehir,2.7
26.07.2006 22:18:51,Adana,4.2
07.08.2006 07:33:17,Düzce,3.1
09.08.2006 04:02:04,Kilis,5.0
18.08.2006 21:00:51,Manisa,6.0
24.08.2006 12:12:48,Manisa,3.1
03.09.2006 04:21:42,Karabük,2.8
05.09.2006 00:00:54,Aydın,2.8
13.09.2006 05:55:07,Elazığ,5.9
13.09.2006 14:43:19,Kırklareli,4.4
27.09.2006 02:29:37,Çorum,5.4
02.10.2006 18:59:54,Aksaray,3.8
08.10.2006 09:27:47,Manisa,5.6
28.10.2006 03:01:12,Adana,4.1
28.10.2006 14:31:23,Siirt,5.5
01.11.2006 14:34:59,Zonguldak,5.3
07.11.2006 03:16:34,Adıyaman,3.9
19.11.2006 14:18:37,Bayburt,6.7
30.11.2006 09:12:34,Kahramanmaraş,2.6
03.12.2006 12:46:21,Konya,6.3
06.12.2006 03:18:04,Trabzon,5.4
21.12.2006 01:37:33,Erzurum,4.0
30.12.2006 03:08:21,Samsun,6.5
08.01.2007 12:36:24,Ardahan,6.5
08.01.2007 15:01:23,Giresun,3.5
21.01.2007 12:28:36,Bingöl,6.8
24.01.2007 14:35:13,Trabzon,4.1
24.01.2007 15:42:08,Gaziantep,2.8
12.02.2007 12:37:21,İstanbul,6.7
20.02.2007 16:53:56,Elazığ,4.9
26.02.2007 23:35:30,Amasya,4.8
08.03.2007 12:44:01,Şırnak,4.0
14.03.2007 20:19:43,Kilis,3.6
22.03.2007 18:36:23,Burdur,3.0
22.03.2007 23:49:52,Gaziantep,5.6
11.04.2007 19:46:17,Iğdır,4.5
13.04.2007 16:08:58,Yalova,4.9
13.04.2007 20:12:11,Kilis,5.3
19.04.2007 11:17:38,Elazığ,6.7
25.04.2007 06:49:23,Adana,2.6
09.05.2007 04:02:36,Adana,2.7
11.05.2007 23:04:23,Bingöl,5.9
27.05.2007 23:55:18,Gaziantep,3.0
04.06.2007 13:43:06,Elazığ,5.2
07.06.2007 11:05:56,Amasya,5.6
12.06.2007 20:30:06,Antalya,5.6
22.06.2007 06:17:40,Ardahan,3.5
27.06.2007 03:32:57,Gaziantep,6.7
21.07.2007 02:49:08,Batman,5.9
21.07.2007 04:31:26,Van,2.5
27.07.2007 16:01:06,Isparta,4.5
01.08.2007 04:22:02,Şanlıurfa,5.1
04.08.2007 10:47:32,Bingöl,2.6
30.08.2007 10:02:44,Tokat,3.4
04.09.2007 20:52:54,Ardahan,5.9
05.09.2007 08:02:19,İstanbul,5.2
11.09.2007 18:14:11,Kocaeli,4.3
17.09.2007 14:14:52,Balıkesir,4.8
07.10.2007 06:52:55,Trabzon,3.0
13.10.2007 06:24:14,Giresun,3.4
20.10.2007 18:36:04,Kastamonu,2.5
01.11.2007 22:26:34,Gaziantep,6.6
04.11.2007 01:46:39,Afyonkarahisar,6.7
08.11.2007 02:47:12,Bingöl,2.7
10.11.2007 19:32:55,Balıkesir,3.7
19.11.2007 13:44:39,Nevşehir,3.0
27.11.2007 04:49:34,Batman,3.9
28.11.2007 11:58:46,Giresun,5.7
21.12.2007 10:05:37,Antalya,2.6
30.12.2007 02:00:31,Elazığ,6.2
30.12.2007 18:34:32,Elazığ,6.8
05.01.2008 23:23:07,Nevşehir,3.4
07.01.2008 20:42:59,Aksaray,3.5
16.01.2008 22:39:00,Adana,4.1
24.01.2008 19:23:19,Kocaeli,4.2
01.02.2008 05:07:07,Artvin,6.9
08.02.2008 21:26:39,Van,2.6
11.02.2008 19:23:32,Şırnak,4.2
19.02.2008 08:08:07,Iğdır,6.4
23.02.2008 19:56:29,Düzce,3.2
29.02.2008 11:52:06,Konya,6.8
03.04.2008 07:47:59,Tokat,4.3
10.04.2008 13:26:26,Antalya,3.4
11.04.2008 11:54:00,İzmir,2.9
12.04.2008 12:19:36,Tunceli,5.0
17.04.2008 19:48:52,Adana,4.1
15.05.2008 09:30:11,Niğde,3.5
20.05.2008 07:51:19,Erzurum,4.8
30.05.2008 03:10:16,Hatay,4.4
01.06.2008 14:44:42,Bartın,5.9
18.06.2008 12:03:04,Kocaeli,5.0
18.06.2008 20:44:04,Nevşehir,6.4
20.06.2008 04:42:59,Gaziantep,2.9
11.07.2008 17:03:56,Kırklareli,4.4
18.07.2008 21:50:57,Sivas,4.7
19.07.2008 00:59:04,Manisa,2.6
17.08.2008 00:03:05,Bursa,6.7
18.08.2008 17:13:31,İstanbul,3.4
01.09.2008 19:42:16,Kırşehir,4.4
06.09.2008 00:46:46,Malatya,6.0
06.09.2008 08:32:47,Edirne,4.2
11.09.2008 08:47:49,Bitlis,5.3
13.09.2008 03:23:08,Samsun,3.5
27.09.2008 12:42:04,Muğla,6.4
30.09.2008 01:50:46,Gaziantep,6.8
01.10.2008 06:48:06,Amasya,5.4
16.10.2008 00:11:44,Kırklareli,4.1
31.10.2008 09:41:04,Gaziantep,5.6
23.11.2008 09:29:10,Bayburt,4.3
29.11.2008 17:28:31,Iğdır,5.3
14.12.2008 02:47:29,Osmaniye,4.7
16.12.2008 07:25:25,Tunceli,5.5
19.12.2008 13:46:55,Kayseri,5.5
31.12.2008 17:30:22,İzmir,4.5
03.01.2009 11:50:30,Balıkesir,6.3
04.01.2009 03:19:05,Edirne,3.4
05.01.2009 13:35:32,Elazığ,6.4
09.01.2009 08:21:07,Yozgat,2.8
12.01.2009 07:24:22,Tunceli,6.7
20.01.2009 01:46:57,İzmir,5.2
27.01.2009 09:29:50,Adıyaman,6.1
27.01.2009 11:01:18,Isparta,4.5
08.02.2009 22:48:00,Adıyaman,4.6
25.02.2009 23:31:19,Konya,5.4
26.02.2009 19:02:28,İstanbul,3.7
01.03.2009 23:53:10,Manisa,5.9
06.03.2009 06:45:48,Bartın,5.9
10.03.2009 09:43:56,Adana,3.3
13.03.2009 20:58:33,İstanbul,2.9
14.03.2009 07:10:25,Diyarbakır,5.5
20.03.2009 12:08:39,Antalya,3.1
14.04.2009 21:33:50,Manisa,4.7
04.05.2009 06:46:49,Hatay,4.7
13.05.2009 10:26:19,Ankara,3.3
18.05.2009 17:49:21,Sakarya,4.8
25.05.2009 16:54:58,Gaziantep,2.7
04.06.2009 02:48:03,Ankara,3.2
07.06.2009 16:26:02,İstanbul,4.1
07.07.2009 09:29:24,Kayseri,4.1
09.07.2009 07:56:58,Elazığ,6.8
11.07.2009 12:31:36,Hakkari,5.4
12.07.2009 04:23:53,Ordu,6.4
19.07.2009 01:32:09,Antalya,2.6
25.07.2009 14:36:08,Manisa,6.9
17.08.2009 15:14:45,İzmir,2.9
18.08.2009 02:49:24,Denizli,4.7
06.09.2009 23:01:57,Bilecik,4.1
13.09.2009 19:15:45,Kayseri,6.2
14.09.2009 23:23:56,İzmir,6.7
26.09.2009 17:29:42,Yalova,2.9
28.09.2009 22:40:07,Edirne,6.4
29.09.2009 01:21:33,Tokat,4.9
05.10.2009 07:14:49,Ordu,4.7
09.10.2009 08:43:40,Bilecik,6.1
23.10.2009 14:19:43,Ardahan,2.6
31.10.2009 01:59:48,Bingöl,6.1
06.11.2009 22:23:09,Batman,4.2
09.11.2009 02:11:05,İstanbul,4.4
14.11.2009 08:29:59,Düzce,6.7
23.11.2009 00:43:31,Burdur,4.0
20.12.2009 18:33:50,Kırklareli,3.6
24.12.2009 20:32:15,Nevşehir,3.5
28.12.2009 00:31:26,Gümüşhane,6.5
29.12.2009 19:46:29,Adana,4.6
15.01.2010 02:31:15,Bursa,6.7
25.01.2010 02:20:17,Van,6.4
06.02.2010 09:57:44,Trabzon,4.3
20.02.2010 19:15:58,Giresun,5.0
22.02.2010 23:36:15,Gümüşhane,3.4
01.03.2010 19:03:32,Isparta,6.3
03.03.2010 02:29:19,Kırşehir,4.5
12.03.2010 12:56:48,Gaziantep,3.8
01.04.2010 22:24:11,Van,4.8
14.04.2010 09:28:40,Mersin,4.7
06.05.2010 22:56:00,Gaziantep,5.1
07.05.2010 19:29:45,Bilecik,3.8
19.05.2010 17:03:15,Erzurum,6.1
22.05.2010 16:30:33,Muş,3.9
30.05.2010 15:24:56,İzmir,4.9
02.06.2010 12:47:03,Kars,4.7
02.06.2010 16:18:34,Nevşehir,6.2
06.06.2010 05:25:15,Adana,3.2
17.06.2010 21:08:21,Kırıkkale,5.9
20.06.2010 03:00:44,Manisa,3.0
29.06.2010 01:47:25,Denizli,3.3
29.06.2010 08:14:19,Trabzon,4.6
05.07.2010 21:42:10,Düzce,3.2
06.07.2010 00:13:34,Kırıkkale,2.7
06.07.2010 22:47:03,Burdur,4.6
21.07.2010 01:30:29,Giresun,6.6
27.07.2010 12:07:04,İstanbul,4.0
04.08.2010 20:58:58,Çanakkale,4.1
20.08.2010 05:44:45,Sinop,5.8
22.08.2010 13:42:45,Siirt,5.9
26.08.2010 18:40:35,Gümüşhane,5.8
27.08.2010 13:49:08,Isparta,2.6
02.10.2010 06:15:42,Çanakkale,2.5
07.10.2010 23:44:30,Tekirdağ,5.3
09.10.2010 13:27:10,Gaziantep,4.4
19.10.2010 18:24:30,Afyonkarahisar,4.8
24.10.2010 12:44:33,Erzurum,3.7
20.11.2010 11:39:54,İzmir,6.5
22.11.2010 17:01:59,Burdur,3.9
25.11.2010 07:29:40,Adana,4.8
07.12.2010 09:16:10,Malatya,4.6
16.12.2010 04:38:33,Malatya,4.2
02.01.2011 11:17:14,Manisa,3.3
07.01.2011 08:29:05,Yalova,3.3
07.01.2011 21:52:01,Amasya,6.2
08.01.2011 22:00:19,Uşak,3.4
09.02.2011 03:20:40,Gaziantep,5.1
21.02.2011 14:06:33,Elazığ,2.5
26.02.2011 20:56:07,Çankırı,6.6
28.02.2011 12:07:46,Ordu,5.2
05.03.2011 22:05:44,Kahramanmaraş,6.7
11.03.2011 00:28:19,Aksaray,2.5
12.03.2011 05:02:00,Düzce,6.1
22.03.2011 18:02:02,Muğla,4.7
29.03.2011 05:49:55,Batman,6.5
14.04.2011 02:21:44,Bursa,4.2
14.04.2011 15:46:40,İstanbul,6.9
11.05.2011 05:33:32,Eskişehir,6.1
16.05.2011 12:51:42,Gaziantep,5.5
18.05.2011 03:22:25,Elazığ,4.8
20.05.2011 21:00:42,Aksaray,5.9
24.05.2011 20:17:24,Hakkari,4.5
30.05.2011 20:34:56,Ağrı,4.5
13.06.2011 13:18:41,Osmaniye,2.5
17.06.2011 10:29:27,Şanlıurfa,6.2
20.06.2011 22:37:40,Çankırı,3.1
22.06.2011 02:00:57,Siirt,5.6
24.06.2011 05:03:32,Bolu,3.3
29.06.2011 06:31:52,Osmaniye,4.4
02.07.2011 20:12:57,Gaziantep,5.0
04.07.2011 15:34:11,Malatya,5.6
06.07.2011 23:06:50,Kayseri,2.9
07.07.2011 12:58:39,Şırnak,4.8
21.07.2011 02:59:45,Gaziantep,3.5
21.07.2011 09:34:54,Muş,5.0
23.07.2011 12:12:26,Karaman,5.5
27.07.2011 18:57:08,Rize,5.4
16.08.2011 00:58:35,Niğde,5.4
26.08.2011 16:28:58,Diyarbakır,3.0
27.08.2011 18:35:17,Denizli,3.0
07.09.2011 19:25:41,Denizli,6.2
10.09.2011 16:13:38,Adana,5.7
08.10.2011 02:12:57,Adana,3.5
17.10.2011 05:37:37,Burdur,6.6
23.10.2011 01:48:28,Gaziantep,3.2
01.11.2011 05:58:07,Bartın,6.1
10.11.2011 15:14:30,Tekirdağ,6.8
16.11.2011 19:29:00,Bursa,4.0
23.11.2011 11:35:39,Düzce,3.8
26.11.2011 06:05:31,Mersin,3.5
06.12.2011 22:43:28,Tunceli,2.8
07.12.2011 19:09:44,Bolu,6.0
18.12.2011 13:53:55,Kırklareli,3.7
06.01.2012 10:59:37,Gaziantep,4.2
10.01.2012 06:38:26,Elazığ,4.3
12.01.2012 18:09:04,Nevşehir,6.3
16.01.2012 21:57:59,İzmir,5.1
23.01.2012 07:59:55,Diyarbakır,3.8
31.01.2012 11:07:46,Eskişehir,4.8
01.02.2012 08:59:34,Bitlis,5.1
17.02.2012 04:05:18,Sakarya,6.8
20.02.2012 07:42:39,Sivas,6.9
27.02.2012 05:45:29,Elazığ,6.0
21.03.2012 16:30:52,İzmir,4.1
01.04.2012 18:56:04,Elazığ,6.3
02.04.2012 12:38:32,Çorum,4.5
05.04.2012 06:42:46,Kahramanmaraş,6.5
10.04.2012 11:10:02,Manisa,6.3
13.04.2012 13:30:25,Kastamonu,6.6
22.04.2012 00:50:39,Bitlis,6.7
27.04.2012 01:51:08,Yalova,4.5
05.05.2012 13:31:42,Gaziantep,4.0
17.05.2012 08:49:02,Sinop,3.1
02.06.2012 15:48:30,Samsun,5.7
03.06.2012 23:13:20,Afyonkarahisar,3.5
11.06.2012 19:42:42,Zonguldak,5.3
13.06.2012 00:57:27,Kocaeli,6.9
15.06.2012 08:12:56,Gaziantep,3.4
27.06.2012 07:37:36,Adıyaman,3.7
29.06.2012 16:20:38,Aksaray,6.2
01.07.2012 16:11:07,Sakarya,6.5
02.07.2012 03:20:58,Osmaniye,2.9
03.07.2012 18:01:50,Burdur,6.4
17.07.2012 14:31:25,Uşak,5.2
18.07.2012 16:30:22,Kars,3.4
23.07.2012 06:39:04,Bayburt,4.9
01.08.2012 04:16:50,İzmir,5.8
05.08.2012 11:34:17,Niğde,5.9
15.08.2012 22:14:08,Gaziantep,4.1
30.08.2012 04:23:58,Elazığ,4.2
05.09.2012 10:14:30,Elazığ,2.5
27.09.2012 01:55:07,Hakkari,6.0
29.09.2012 03:07:57,İstanbul,4.6
05.10.2012 06:17:34,Trabzon,2.5
05.10.2012 14:26:19,Yozgat,4.7
12.10.2012 18:26:15,Erzincan,5.6
15.10.2012 11:36:22,Adana,3.1
17.10.2012 23:33:03,Zonguldak,5.7
19.10.2012 01:17:55,Sinop,4.9
20.10.2012 05:17:36,Gaziantep,4.5
24.10.2012 09:01:11,Ağrı,5.4
11.11.2012 03:46:29,Çankırı,6.3
15.11.2012 21:11:05,Gaziantep,4.5
16.11.2012 19:01:17,Yalova,6.4
25.11.2012 10:14:28,Burdur,6.3
04.12.2012 07:25:21,Elazığ,6.5
14.12.2012 15:06:20,Elazığ,4.4
26.12.2012 06:54:30,İzmir,3.2
16.01.2013 19:01:26,İzmir,4.6
15.02.2013 10:20:33,Şırnak,4.2
11.03.2013 11:44:05,Bartın,4.9
14.03.2013 22:17:14,Yalova,3.8
15.03.2013 10:09:52,Yalova,6.4
17.03.2013 14:17:23,Artvin,6.4
24.03.2013 19:30:12,Manisa,5.5
28.03.2013 19:23:53,Elazığ,2.8
03.04.2013 02:50:58,Elazığ,4.1
06.04.2013 22:38:43,Gaziantep,2.8
20.04.2013 10:37:07,Antalya,3.9
05.05.2013 20:24:04,Osmaniye,2.7
08.05.2013 18:36:33,İstanbul,6.4
01.06.2013 22:51:20,Manisa,6.4
05.06.2013 02:43:49,Adıyaman,3.3
13.06.2013 03:33:29,Manisa,5.1
13.06.2013 16:53:42,Ordu,6.1
13.06.2013 18:19:41,Gaziantep,6.2
22.06.2013 23:12:17,Karabük,3.4
18.07.2013 19:52:51,Manisa,5.7
09.08.2013 02:21:41,Malatya,4.7
10.08.2013 05:38:08,Tekirdağ,4.8
13.08.2013 12:03:18,Mersin,3.0
31.08.2013 21:18:31,Manisa,3.8
02.09.2013 05:03:51,Uşak,2.5
06.09.2013 15:08:41,Kars,5.4
15.09.2013 01:50:47,Burdur,2.7
17.09.2013 18:52:09,Elazığ,6.7
18.09.2013 07:05:29,Gaziantep,4.6
18.09.2013 23:34:14,Manisa,6.3
19.09.2013 08:48:58,Çanakkale,6.8
24.09.2013 11:58:36,Çankırı,4.7
03.10.2013 15:00:14,Kilis,2.9
24.10.2013 01:13:07,Gaziantep,4.3
28.10.2013 04:16:44,Denizli,2.8
05.11.2013 19:57:18,Edirne,3.9
10.11.2013 14:03:28,İzmir,6.6
08.12.2013 15:02:16,Düzce,2.7
26.12.2013 17:35:17,Hatay,6.8
03.01.2014 17:28:37,Aydın,4.4
06.01.2014 19:44:08,Erzurum,5.5
12.01.2014 17:42:33,Sinop,4.1
22.01.2014 21:31:16,Malatya,4.6
02.02.2014 12:44:18,Sivas,6.4
12.02.2014 16:08:05,Ordu,3.4
14.02.2014 05:57:35,Ardahan,3.3
18.02.2014 06:26:40,Iğdır,2.9
21.02.2014 20:19:58,Bursa,6.6
30.03.2014 21:13:29,Manisa,4.4
17.04.2014 09:08:30,Isparta,2.7
18.04.2014 01:59:01,Ordu,3.9
01.05.2014 16:36:55,Elazığ,2.8
10.05.2014 21:15:53,Yozgat,2.8
01.06.2014 23:17:33,Erzincan,3.6
03.06.2014 12:01:27,Manisa,3.9
12.06.2014 21:07:01,Tunceli,6.3
15.06.2014 11:17:46,Ağrı,6.8
20.06.2014 22:17:40,Rize,2.5
25.06.2014 03:19:22,Bingöl,5.5
25.06.2014 10:57:28,Burdur,5.3
30.06.2014 09:13:06,Iğdır,2.9
15.07.2014 20:29:17,Gaziantep,6.7
17.07.2014 12:48:55,Giresun,4.9
23.07.2014 12:35:41,Ordu,6.2
30.07.2014 14:00:19,Diyarbakır,3.5
17.08.2014 00:16:32,Gaziantep,5.6
01.09.2014 02:58:22,Çorum,4.2
02.09.2014 02:30:48,Çorum,3.0
11.09.2014 13:18:57,Batman,3.3
13.09.2014 05:06:07,Aydın,3.7
13.09.2014 19:40:20,Aydın,4.1
06.10.2014 00:41:55,Trabzon,2.9
07.10.2014 18:11:52,Sivas,2.5
14.10.2014 22:03:58,Elazığ,5.5
24.10.2014 07:04:10,Elazığ,4.5
24.10.2014 10:25:19,Çankırı,5.0
31.10.2014 08:13:45,İzmir,5.5
05.11.2014 00:28:20,Bitlis,3.2
08.11.2014 06:01:26,Ardahan,2.5
17.11.2014 06:56:51,Mersin,5.8
27.11.2014 04:57:27,Tunceli,2.6
30.11.2014 14:29:16,Manisa,3.4
06.12.2014 18:53:42,Afyonkarahisar,4.1
09.01.2015 07:12:36,Kocaeli,6.3
13.01.2015 06:28:39,Muğla,5.1
16.01.2015 04:03:10,Gaziantep,2.8
17.01.2015 04:23:17,İstanbul,3.9
19.01.2015 17:15:47,Düzce,4.3
05.02.2015 06:14:29,Kars,6.4
14.02.2015 02:43:12,Bolu,3.4
21.02.2015 20:59:12,Mardin,3.0
03.03.2015 12:57:42,Yalova,6.6
29.03.2015 14:52:22,Artvin,5.4
06.04.2015 06:49:47,Erzurum,2.5
09.04.2015 18:48:17,Eskişehir,4.8
16.04.2015 02:43:10,Kahramanmaraş,5.0
16.04.2015 07:10:42,Elazığ,4.4
12.05.2015 04:53:46,Batman,5.5
14.05.2015 07:10:34,Sinop,6.7
29.05.2015 10:30:25,Gaziantep,5.4
02.06.2015 22:21:31,Gümüşhane,5.8
03.06.2015 10:39:03,Çankırı,2.9
17.06.2015 12:57:40,Diyarbakır,3.7
22.06.2015 00:03:31,Ardahan,3.8
26.06.2015 22:51:58,Adana,5.2
15.07.2015 22:22:26,İstanbul,5.0
19.07.2015 06:30:01,İstanbul,4.6
24.07.2015 23:15:38,İstanbul,3.7
31.07.2015 23:41:22,Elazığ,6.7
01.08.2015 16:02:56,Sivas,6.6
06.08.2015 21:09:54,Kastamonu,3.2
08.08.2015 01:46:03,Konya,5.6
13.08.2015 09:48:16,Ardahan,3.3
22.08.2015 16:34:23,Manisa,5.0
03.09.2015 12:01:31,Malatya,6.5
05.09.2015 09:07:13,Mardin,4.7
06.09.2015 15:44:28,Batman,6.7
11.09.2015 03:01:35,Sivas,5.0
02.10.2015 06:21:12,Malatya,5.6
03.10.2015 17:46:30,Erzincan,6.8
08.10.2015 21:58:28,Karabük,3.4
25.10.2015 03:12:49,Sinop,4.0
01.11.2015 11:05:18,Gaziantep,3.6
03.11.2015 14:04:14,Elazığ,6.1
06.11.2015 22:53:33,Aydın,4.9
12.11.2015 18:19:36,Manisa,4.1
21.11.2015 19:44:47,Şırnak,3.9
30.11.2015 16:02:03,Kütahya,6.6
03.12.2015 19:00:15,Manisa,6.8
12.12.2015 20:33:40,Kilis,4.6
16.12.2015 00:13:40,İzmir,5.9
17.12.2015 20:55:19,Bilecik,6.4
18.12.2015 11:36:19,Kocaeli,5.1
23.12.2015 23:45:52,Muğla,6.6
02.01.2016 13:53:03,Kırıkkale,4.2
03.01.2016 12:17:33,Manisa,6.5
04.01.2016 13:36:03,Malatya,3.7
07.01.2016 01:40:43,Gümüşhane,5.3
19.01.2016 13:50:26,İstanbul,6.6
16.02.2016 13:21:43,Nevşehir,3.7
17.02.2016 14:36:37,Adana,4.2
17.02.2016 17:05:19,Yozgat,2.7
25.02.2016 07:01:13,Edirne,6.3
25.02.2016 13:46:59,İstanbul,4.1
01.03.2016 19:32:43,Bingöl,4.0
07.04.2016 13:55:49,Bolu,2.8
19.04.2016 08:54:49,Konya,3.8
20.04.2016 14:14:02,Mardin,3.7
22.04.2016 05:38:35,İzmir,3.3
01.05.2016 14:55:57,Nevşehir,3.3
01.05.2016 22:17:38,Yozgat,5.4
03.05.2016 05:09:01,Adıyaman,2.8
15.05.2016 06:02:41,Nevşehir,5.8
18.06.2016 19:20:43,Nevşehir,4.4
24.06.2016 22:47:52,Sakarya,2.7
30.06.2016 13:27:37,Elazığ,5.5
30.06.2016 19:00:58,Gaziantep,3.5
17.07.2016 00:16:11,Bilecik,5.6
01.08.2016 11:32:56,Bolu,3.2
04.08.2016 11:06:10,Erzincan,3.7
11.08.2016 00:17:23,Adana,5.3
05.09.2016 02:10:46,Kırklareli,3.6
07.09.2016 10:52:47,Gaziantep,4.9
16.09.2016 03:18:53,Çankırı,2.7
23.09.2016 22:04:25,İstanbul,2.7
23.09.2016 23:49:25,Ordu,3.9
28.09.2016 06:01:36,Gaziantep,4.3
28.09.2016 10:03:34,İzmir,5.0
03.10.2016 03:26:33,İzmir,3.7
03.10.2016 09:44:23,Bartın,2.5
04.10.2016 16:00:59,Kocaeli,2.8
20.10.2016 00:52:02,Kilis,6.6
27.10.2016 13:03:15,Elazığ,4.2
12.11.2016 10:41:41,Sivas,2.7
17.11.2016 13:42:44,Elazığ,6.9
28.11.2016 11:26:02,Ankara,6.8
15.12.2016 10:36:51,Elazığ,5.9
27.12.2016 12:55:18,Elazığ,2.9
01.01.2017 23:15:03,Denizli,3.8
10.01.2017 06:03:24,Erzincan,4.4
26.01.2017 00:48:31,Bilecik,6.2
30.01.2017 20:55:00,İstanbul,5.2
31.01.2017 21:56:31,İstanbul,6.2
01.02.2017 04:49:06,Adana,6.8
06.02.2017 12:33:23,Eskişehir,3.7
17.02.2017 04:31:34,Hatay,3.4
22.02.2017 11:48:29,Elazığ,4.2
02.03.2017 14:10:32,Amasya,6.7
09.03.2017 09:00:46,Mersin,6.4
10.03.2017 01:19:52,Isparta,5.2
12.03.2017 05:02:27,Gaziantep,6.8
17.03.2017 15:53:11,Iğdır,2.7
18.03.2017 00:02:13,Kırşehir,2.9
19.03.2017 00:59:34,Kastamonu,5.3
22.03.2017 19:52:20,Malatya,3.1
05.04.2017 17:50:55,Rize,4.0
12.04.2017 07:49:34,Osmaniye,4.9
17.04.2017 18:26:46,Yalova,6.9
26.05.2017 14:22:03,İstanbul,4.5
04.06.2017 09:39:31,Edirne,6.2
15.06.2017 15:34:14,Ordu,5.0
25.06.2017 07:30:16,Amasya,6.7
28.06.2017 16:59:14,Bilecik,6.3
17.07.2017 17:59:59,Elazığ,4.4
27.07.2017 06:26:21,Adıyaman,4.3
31.07.2017 08:26:26,Burdur,2.7
22.08.2017 06:26:45,Ordu,6.8
29.08.2017 05:53:45,Siirt,6.1
16.09.2017 20:25:35,Manisa,5.8
18.09.2017 12:39:46,Bingöl,4.6
21.09.2017 02:55:19,Niğde,3.7
22.09.2017 08:14:12,Karabük,5.5
29.09.2017 08:22:26,Elazığ,2.9
08.10.2017 22:09:04,Bitlis,6.8
10.10.2017 12:33:58,Kahramanmaraş,2.8
31.10.2017 05:24:24,Yalova,5.5
03.11.2017 22:21:13,Hakkari,2.5
03.12.2017 10:50:13,Iğdır,3.4
03.12.2017 16:19:00,Muş,3.1
10.12.2017 23:17:41,Tunceli,5.4
11.12.2017 14:41:29,Bitlis,4.8
12.12.2017 08:57:13,Van,3.0
22.12.2017 21:05:05,Denizli,6.1
06.01.2018 05:59:35,Elazığ,5.6
23.01.2018 23:47:42,Sinop,4.5
24.01.2018 21:03:09,Bartın,4.2
31.01.2018 22:17:17,Denizli,4.8
17.02.2018 09:01:56,Malatya,5.8
01.03.2018 22:07:19,İzmir,5.5
07.04.2018 14:58:37,Kastamonu,6.1
10.04.2018 21:13:18,Diyarbakır,4.6
11.04.2018 04:01:48,Muş,6.3
16.04.2018 02:13:13,Kars,3.3
17.04.2018 21:36:59,Nevşehir,3.2
23.04.2018 12:13:22,Bartın,6.5
28.04.2018 19:47:26,Kilis,2.6
01.06.2018 04:35:27,Çankırı,2.8
03.06.2018 20:59:29,Konya,4.3
07.06.2018 14:29:31,Sinop,6.3
15.06.2018 07:52:55,İstanbul,3.1
01.07.2018 22:31:32,Rize,5.6
02.07.2018 20:43:24,Kocaeli,2.9
06.07.2018 08:22:43,Kırklareli,6.6
19.07.2018 04:32:37,Erzurum,3.8
24.07.2018 18:27:04,Gaziantep,5.8
01.08.2018 03:08:23,Gaziantep,2.8
02.08.2018 00:13:42,İstanbul,3.9
14.08.2018 12:43:03,Artvin,5.9
14.08.2018 21:39:24,İstanbul,5.0
24.08.2018 05:15:44,Bursa,2.8
27.08.2018 03:02:53,Muş,2.6
28.08.2018 17:43:51,Elazığ,6.3
11.09.2018 11:50:34,Edirne,6.7
12.10.2018 15:34:38,Manisa,2.8
23.10.2018 06:08:16,Elazığ,3.8
30.10.2018 15:12:03,Kastamonu,5.7
10.11.2018 16:28:39,Adana,5.7
12.11.2018 16:39:35,Osmaniye,5.0
23.11.2018 01:45:05,Kilis,5.7
01.12.2018 05:15:36,Erzincan,6.2
19.12.2018 03:51:11,Trabzon,3.7
21.12.2018 04:29:14,Muş,6.7
26.12.2018 07:53:05,Sivas,3.9
29.12.2018 09:54:28,Tokat,2.6
09.01.2019 11:20:44,Denizli,4.2
20.02.2019 08:27:33,Erzurum,4.9
24.02.2019 01:19:30,Trabzon,5.7
14.03.2019 07:19:15,Gaziantep,6.4
06.04.2019 19:35:57,Karaman,6.6
12.04.2019 19:32:16,Hakkari,5.3
19.04.2019 20:55:53,Nevşehir,6.4
10.05.2019 13:21:47,Ordu,5.2
11.05.2019 20:27:32,Elazığ,6.9
22.05.2019 00:09:02,Çorum,5.2
31.05.2019 07:29:41,Kars,3.2
01.06.2019 13:59:18,Bartın,2.5
04.06.2019 13:44:28,Aksaray,3.9
05.07.2019 23:58:58,Rize,4.7
08.07.2019 13:07:53,Balıkesir,5.2
09.07.2019 08:04:49,İzmir,4.5
09.07.2019 13:09:45,Elazığ,4.7
09.07.2019 14:06:09,Erzurum,5.2
20.07.2019 11:12:44,Siirt,5.2
29.07.2019 23:52:37,Afyonkarahisar,5.7
07.08.2019 23:51:55,Antalya,4.3
29.08.2019 14:52:42,Hakkari,3.2
06.09.2019 12:04:11,Denizli,6.8
08.09.2019 10:50:08,Sakarya,2.5
21.09.2019 01:56:21,Manisa,3.8
28.09.2019 16:39:05,Gaziantep,5.7
05.10.2019 04:41:15,Yozgat,4.4
10.10.2019 22:15:45,Isparta,6.9
05.11.2019 05:35:52,Karaman,2.6
12.11.2019 21:41:54,İstanbul,5.3
13.11.2019 14:22:22,Bolu,2.6
13.11.2019 18:46:17,Adana,3.1
20.11.2019 01:44:09,Gümüşhane,4.7
02.12.2019 17:20:42,Karaman,5.0
04.12.2019 16:55:45,Balıkesir,6.8
06.12.2019 00:37:21,Giresun,4.0
08.12.2019 13:07:00,Mersin,5.1
14.12.2019 23:46:58,Yozgat,2.5
16.12.2019 12:55:56,Adana,6.1
16.12.2019 23:07:18,Antalya,6.1
22.12.2019 09:29:44,Bursa,6.0
10.01.2020 19:00:42,İzmir,2.8
21.01.2020 09:39:11,Gümüşhane,5.7
08.02.2020 12:34:33,Gaziantep,4.7
11.02.2020 08:34:11,İstanbul,5.5
29.02.2020 15:29:00,Denizli,4.0
05.03.2020 10:46:12,Gaziantep,4.7
09.03.2020 13:31:34,Balıkesir,5.5
17.03.2020 01:21:43,Diyarbakır,5.5
18.03.2020 04:16:05,Bursa,5.9
19.03.2020 23:23:01,Mardin,3.6
24.03.2020 22:58:06,Kahramanmaraş,3.3
01.04.2020 10:25:30,Nevşehir,6.9
30.04.2020 21:11:22,Edirne,5.7
02.05.2020 12:44:53,Erzurum,6.6
06.05.2020 03:38:26,Adana,3.6
15.05.2020 03:55:11,İzmir,3.2
17.05.2020 12:47:47,Kahramanmaraş,5.6
21.06.2020 11:43:53,Gaziantep,5.6
30.06.2020 06:41:11,Adana,2.9
04.07.2020 06:43:09,Malatya,3.4
18.07.2020 03:37:02,Manisa,5.6
21.07.2020 18:39:56,Sivas,4.3
22.07.2020 05:32:41,Amasya,6.2
01.08.2020 04:11:50,Elazığ,6.5
03.08.2020 12:52:33,Elazığ,4.2
10.08.2020 03:28:32,Batman,6.4
12.08.2020 08:25:35,Adana,6.1
16.08.2020 19:23:38,Giresun,5.0
01.09.2020 07:52:55,İstanbul,5.8
07.09.2020 19:12:59,Rize,4.5
14.09.2020 13:23:56,Ağrı,5.7
15.09.2020 11:42:53,Antalya,6.4
22.09.2020 00:22:10,Iğdır,5.4
02.10.2020 11:37:24,Rize,2.5
04.10.2020 23:43:30,Burdur,6.4
09.10.2020 20:49:11,Adana,6.6
13.10.2020 19:38:30,Manisa,3.5
17.10.2020 18:20:04,Elazığ,5.8
06.11.2020 09:48:59,Elazığ,5.7
18.11.2020 01:32:52,Giresun,6.9
24.11.2020 21:13:28,Mardin,5.0
05.12.2020 07:50:48,Gümüşhane,5.0
06.12.2020 09:59:19,Adıyaman,5.8
06.01.2021 00:11:32,Düzce,6.4
10.01.2021 12:31:15,Siirt,5.4
15.01.2021 00:08:23,Nevşehir,2.8
26.01.2021 22:07:35,Zonguldak,3.7
02.02.2021 03:50:18,Kütahya,4.1
05.02.2021 04:32:55,Çankırı,6.4
11.02.2021 14:13:02,Afyonkarahisar,5.8
01.03.2021 18:50:26,Muğla,4.4
13.03.2021 12:43:18,Aksaray,3.5
22.03.2021 04:47:33,Van,5.8
04.04.2021 05:55:42,Edirne,4.7
09.04.2021 16:41:33,İstanbul,2.8
14.04.2021 12:50:45,Amasya,5.9
02.05.2021 09:40:14,Eskişehir,3.8
04.05.2021 00:57:44,Burdur,2.5
06.05.2021 15:02:33,Van,6.7
14.05.2021 17:56:49,Ordu,3.3
15.05.2021 18:12:21,Erzincan,3.8
17.05.2021 11:41:23,Çankırı,6.3
31.05.2021 05:12:57,Ankara,3.0
01.07.2021 18:36:11,Manisa,3.0
11.07.2021 00:06:30,Adana,6.7
12.07.2021 21:07:31,Erzurum,3.9
16.07.2021 15:31:00,Aydın,3.9
08.08.2021 19:20:36,Manisa,6.6
28.08.2021 11:15:01,Niğde,3.6
29.08.2021 10:57:26,Elazığ,6.9
31.08.2021 12:23:30,İstanbul,5.4
01.09.2021 16:26:19,Hakkari,3.9
13.09.2021 19:21:25,Kars,6.8
09.10.2021 04:03:51,Kahramanmaraş,4.0
16.10.2021 07:27:44,Tekirdağ,6.2
17.10.2021 03:49:18,Tekirdağ,5.0
09.11.2021 14:32:13,Bayburt,3.8
15.11.2021 18:17:51,Niğde,4.4
18.11.2021 04:20:37,Kocaeli,6.5
22.11.2021 11:52:36,Elazığ,6.4
24.11.2021 20:13:38,Afyonkarahisar,3.1
28.11.2021 02:17:48,Diyarbakır,6.3
11.12.2021 02:35:18,Kastamonu,2.8
15.12.2021 21:33:02,Manisa,3.1
19.12.2021 05:14:25,Adana,5.2
24.12.2021 01:41:17,Sakarya,2.5
29.12.2021 15:04:53,Edirne,4.0
